{"client_meta":{"background_color":{"r":0.9607843160629272,"g":0.9607843160629272,"b":0.9607843160629272,"a":1},"thumbnail_size":{"width":115,"height":400},"render_coordinates":{"x":0,"y":14,"width":1728,"height":6020}},"file_name":"Untitled","developer_related_links":[]}